{"hihvi": 0.477463332327388, "wxubg": -36, "omhkd": true, "hkoix": false, "pxbyv": 0.46083546712578527, "gmduw": 88, "wdran": 0.6475116591225415, "oiyac": -36}