{"ofdud": 25, "vuxeg": 0.3682758847913532, "rqhel": -49, "bteqe": 0.2742463201732842, "dlxtw": 0.42421136126035985, "gasem": 0.2112968105581664, "elsky": true, "rqcqx": false, "jerlc": 73, "vmdqf": false}