{"lpbuu": 0.12703260048580878, "robdq": -70, "wjxqx": 0.12654695946992967, "aktxe": 0.803184592902212, "ftevn": 0.15833646921545141, "ghhtx": false, "vfchj": 4, "aezuv": -37, "smvzp": 5, "jnyvb": 64, "pqkhh": false, "isapn": false, "egxzs": false, "gfoag": 0.0225662388293717, "wilcd": 0.13215539129661957, "maqoj": 0.31347729687298975, "ekfoj": -99}