{"aunvw": 0.9717767326159907, "zujyg": 0.3604494190542985, "lolbr": 75, "xshhr": true, "qjzpa": 0.7285857405540734, "mnsqb": false, "kslli": true, "calkh": 0.033531140201049525, "mtmni": 100, "mxtqs": 0.10064583283492223}